id_venda;data;id_produto;id_empregado;quantidade;valor_unitario;valor_total
1;16/03/2023;70;18;2;279.58;559.16
2;10/02/2023;166;34;5;816.9;4084.5
3;02/05/2023;76;87;1;411.2;411.2
4;27/01/2023;57;31;5;20.89;104.45
5;08/04/2023;12;53;6;734.86;4409.16
6;25/05/2023;154;85;7;577.56;4042.92
6;25/05/2023;154;85;7;577.56;4042.92
7;10/05/2023;54;65;10;427.82;4278.2
8;25/04/2023;26;29;3;99.43;298.29
9;11/01/2023;164;59;5;838.71;4193.55
10;;54;98;7;614.3;4300.1
11;30/05/2023;69;56;7;667.03;4669.21
12;28/05/2023;81;62;1;277.21;277.21
13;03/06/2023;194;73;2;;
14;09/05/2023;61;43;9;358.02;3222.18
15;08/02/2023;35;3;8;440.48;3523.84
16;21/06/2023;179;94;2;801.42;1602.84
17;19/01/2023;101;44;6;594.33;3565.98
18;15/03/2023;57;55;1;145.45;145.45
19;03/03/2023;80;88;1;193.28;193.28
20;;149;81;3;734.9;2204.7
21;25/01/2023;89;12;7;726.86;5088.02
22;26/01/2023;47;32;10;61.08;610.8
23;25/05/2023;151;26;10;592.38;5923.8
24;15/05/2023;14;79;5;478.48;2392.4
25;25/04/2023;176;72;5;733.71;3668.55
26;28/02/2023;82;95;2;;
27;26/05/2023;187;17;4;846.1;3384.4
28;14/02/2023;98;3;8;237.71;1901.68
29;18/04/2023;39;15;5;534.96;2674.8
30;;93;86;8;544.1;4352.8
31;10/06/2023;16;42;9;740.48;6664.32
32;19/06/2023;34;30;2;34.16;68.32
33;18/01/2023;160;96;7;193.62;1355.34
34;15/02/2023;29;62;3;79.33;237.99
35;16/01/2023;184;10;1;407.91;407.91
36;25/03/2023;133;65;9;343.01;3087.09
37;22/05/2023;120;30;1;119.37;119.37
38;06/02/2023;153;48;2;303.35;606.7
39;14/03/2023;143;49;1;;
40;;140;59;9;682.85;6145.65
41;20/06/2023;124;70;10;800.01;8000.1
42;15/02/2023;88;11;7;880.33;6162.31
43;21/02/2023;4;59;2;175.36;350.72
44;04/03/2023;54;74;8;943.3;7546.4
45;18/06/2023;3;6;2;390.25;780.5
46;16/02/2023;177;9;5;67.26;336.3
47;02/03/2023;123;35;3;601.3;1803.9
48;25/05/2023;3;32;2;496.27;992.54
49;30/04/2023;125;89;3;232.2;696.6
50;;101;98;9;895.97;8063.73
51;03/05/2023;29;9;9;397.26;3575.34
52;02/06/2023;76;42;3;;
53;25/01/2023;5;11;9;335.76;3021.84
54;07/02/2023;72;5;2;414.37;828.74
55;06/02/2023;60;48;10;537.28;5372.8
56;24/04/2023;40;45;5;991.56;4957.8
57;25/02/2023;40;98;3;826.43;2479.29
58;02/02/2023;6;88;8;570.07;4560.56
59;02/04/2023;97;59;3;869.48;2608.44
60;;45;89;9;340.67;3066.03
61;04/06/2023;166;60;5;683.34;3416.7
62;14/02/2023;58;31;7;882.82;6179.74
63;09/06/2023;107;53;7;15.09;105.63
64;10/04/2023;2;78;7;169.15;1184.05
65;13/01/2023;46;27;7;;
66;14/04/2023;98;60;1;564.25;564.25
67;11/03/2023;158;71;8;820.49;6563.92
68;04/03/2023;156;60;10;437.92;4379.2
69;28/05/2023;96;100;5;111.48;557.4
70;;192;17;2;947.82;1895.64
71;28/04/2023;193;22;6;711.49;4268.94
72;19/02/2023;14;64;10;83.95;839.5
73;29/06/2023;125;76;4;651.1;2604.4
74;02/02/2023;134;79;7;74.97;524.79
75;26/01/2023;174;98;3;259.98;779.94
76;21/05/2023;39;15;4;431.92;1727.68
77;16/03/2023;116;32;7;827.66;5793.62
78;24/06/2023;84;22;2;;
79;02/04/2023;21;47;3;951.35;2854.05
80;;6;19;5;642.14;3210.7
81;01/01/2023;58;38;9;447.88;4030.92
82;05/03/2023;25;24;2;220.97;441.94
83;27/01/2023;72;60;2;865.71;1731.42
84;22/02/2023;8;79;9;869.94;7829.46
85;11/05/2023;93;64;2;763.41;1526.82
86;02/05/2023;131;20;5;912.72;4563.6
87;17/01/2023;126;84;9;11.22;100.98
88;25/06/2023;188;63;4;562.83;2251.32
89;27/04/2023;130;88;6;586.15;3516.9
90;;72;21;8;317.26;2538.08
91;05/03/2023;82;95;2;;
92;14/02/2023;33;41;6;298.75;1792.5
93;28/06/2023;88;41;8;727.04;5816.32
94;15/02/2023;160;79;1;111.76;111.76
95;28/05/2023;161;74;6;621.97;3731.82
96;07/04/2023;2;97;8;19.67;157.36
97;07/06/2023;161;77;1;883.71;883.71
98;13/04/2023;194;38;4;364.22;1456.88
99;02/05/2023;143;98;7;208.85;1461.95
100;;49;75;10;175.81;1758.1
101;09/01/2023;6;73;3;897.26;2691.78
102;10/02/2023;114;76;7;616.81;4317.67
103;02/04/2023;62;84;8;947.88;7583.04
104;25/03/2023;132;6;7;;
105;07/05/2023;3;41;10;785.99;7859.9
106;12/01/2023;87;12;10;444.22;4442.2
107;02/05/2023;147;55;9;873.07;7857.63
108;29/04/2023;53;55;4;746.84;2987.36
109;26/05/2023;150;37;3;170.06;510.18
110;;131;28;8;975.05;7800.4
111;03/04/2023;182;63;10;409.23;4092.3
112;18/02/2023;94;85;1;842.05;842.05
113;28/05/2023;37;4;10;745.28;7452.8
114;19/02/2023;177;51;4;509.8;2039.2
115;27/04/2023;98;100;9;444.23;3998.07
116;13/06/2023;6;39;2;601.75;1203.5
117;25/04/2023;186;12;10;;
118;09/02/2023;21;15;3;626.74;1880.22
119;08/01/2023;100;94;1;140.25;140.25
120;;14;78;7;636.22;4453.54
121;10/03/2023;166;41;2;189.17;378.34
122;21/04/2023;14;89;6;872.04;5232.24
123;11/03/2023;145;89;4;597.02;2388.08
124;12/06/2023;5;65;9;405.06;3645.54
125;13/06/2023;45;23;8;602.73;4821.84
126;14/01/2023;80;74;10;82.76;827.6
127;15/04/2023;1;5;10;672.7;6727.0
128;01/01/2023;57;64;4;592.01;2368.04
129;01/05/2023;107;37;6;175.94;1055.64
130;;165;49;5;;
131;25/02/2023;156;79;1;708.33;708.33
132;28/05/2023;114;78;6;213.78;1282.68
133;06/02/2023;20;26;2;131.74;263.48
134;28/02/2023;69;33;1;130.89;130.89
135;12/01/2023;20;53;1;588.82;588.82
136;12/02/2023;126;98;2;965.47;1930.94
137;08/02/2023;184;43;9;642.73;5784.57
138;07/02/2023;84;23;2;349.23;698.46
139;04/05/2023;119;8;4;707.63;2830.52
140;;8;29;2;196.47;392.94
141;27/03/2023;175;34;6;869.46;5216.76
142;20/06/2023;158;82;1;839.73;839.73
143;26/01/2023;136;47;1;;
144;13/03/2023;89;46;8;770.83;6166.64
145;27/05/2023;31;80;4;679.75;2719.0
146;15/04/2023;90;62;5;670.3;3351.5
147;04/03/2023;73;33;2;999.42;1998.84
148;13/01/2023;73;77;9;993.4;8940.6
149;08/04/2023;125;4;9;118.02;1062.18
150;;82;13;6;443.79;2662.74
151;19/04/2023;75;1;9;324.02;2916.18
152;30/03/2023;143;65;8;303.9;2431.2
153;29/05/2023;147;60;10;402.21;4022.1
154;04/02/2023;172;90;9;600.52;5404.68
155;15/03/2023;194;46;3;176.76;530.28
156;03/01/2023;85;26;9;;
157;05/06/2023;117;93;8;523.89;4191.12
158;13/05/2023;48;37;10;117.83;1178.3
159;25/06/2023;87;70;4;611.83;2447.32
160;;171;21;2;718.34;1436.68
161;21/03/2023;47;15;7;436.55;3055.85
162;20/02/2023;15;68;9;658.15;5923.35
163;19/01/2023;34;78;5;484.39;2421.95
164;21/02/2023;27;29;4;264.21;1056.84
165;16/04/2023;164;30;3;585.12;1755.36
166;18/03/2023;132;90;2;405.91;811.82
167;07/01/2023;95;74;9;527.26;4745.34
168;12/03/2023;191;56;7;529.91;3709.37
169;19/06/2023;189;42;1;;
170;;196;7;8;963.3;7706.4
171;30/04/2023;173;47;6;554.72;3328.32
172;21/01/2023;137;26;7;641.61;4491.27
173;02/05/2023;121;42;9;650.14;5851.26
174;18/02/2023;154;91;8;772.25;6178.0
175;01/06/2023;19;100;5;309.04;1545.2
176;26/05/2023;147;36;7;670.87;4696.09
177;10/03/2023;175;49;10;457.25;4572.5
178;10/06/2023;119;21;3;870.57;2611.71
179;06/02/2023;143;35;1;186.66;186.66
180;;138;73;7;551.23;3858.61
181;02/01/2023;64;35;9;501.8;4516.2
182;26/03/2023;146;67;7;;
183;16/06/2023;169;75;10;433.92;4339.2
184;15/02/2023;19;68;7;347.68;2433.76
185;01/02/2023;167;36;10;343.85;3438.5
186;13/06/2023;131;73;8;648.84;5190.72
187;11/03/2023;169;68;8;373.29;2986.32
188;05/01/2023;172;27;1;833.54;833.54
189;19/02/2023;67;44;5;278.44;1392.2
190;;70;2;10;339.67;3396.7
191;12/04/2023;35;98;7;384.69;2692.83
192;08/01/2023;150;44;7;470.55;3293.85
193;18/03/2023;31;47;10;958.05;9580.5
194;16/04/2023;190;30;9;178.77;1608.93
195;24/02/2023;144;12;9;;
196;16/05/2023;3;16;1;307.84;307.84
197;14/04/2023;118;5;7;405.32;2837.24
198;18/04/2023;65;30;4;927.73;3710.92
199;30/05/2023;200;32;5;102.0;510.0
200;;38;98;1;612.4;612.4
201;24/04/2023;66;85;4;310.1;1240.4
202;16/03/2023;67;52;2;937.59;1875.18
203;24/02/2023;6;35;7;942.96;6600.72
204;27/03/2023;60;12;6;501.99;3011.94
205;23/03/2023;173;35;1;125.2;125.2
206;14/05/2023;67;80;8;537.16;4297.28
207;14/03/2023;143;21;7;311.63;2181.41
208;07/03/2023;91;2;3;;
209;20/01/2023;10;25;3;352.64;1057.92
210;;54;33;2;141.2;282.4
211;06/03/2023;110;80;4;610.31;2441.24
212;29/06/2023;131;99;6;831.04;4986.24
213;21/05/2023;117;98;9;826.95;7442.55
214;25/01/2023;79;68;8;483.45;3867.6
215;01/03/2023;191;6;4;445.12;1780.48
216;31/01/2023;5;83;2;653.7;1307.4
217;10/05/2023;126;11;2;465.2;930.4
218;25/02/2023;83;9;2;67.2;134.4
219;05/06/2023;190;7;3;83.88;251.64
220;;103;40;1;514.33;514.33
221;11/04/2023;103;52;1;;
222;15/06/2023;178;63;4;659.17;2636.68
223;03/03/2023;7;27;5;887.74;4438.7
224;27/03/2023;133;55;6;829.26;4975.56
225;29/05/2023;79;21;2;142.47;284.94
226;30/04/2023;167;5;10;684.17;6841.7
227;23/03/2023;173;32;1;330.27;330.27
228;19/05/2023;191;21;4;377.69;1510.76
229;27/04/2023;26;68;4;273.36;1093.44
230;;82;99;2;331.43;662.86
231;06/06/2023;166;42;9;617.94;5561.46
232;23/04/2023;105;64;5;956.66;4783.3
233;18/06/2023;129;2;1;662.11;662.11
234;10/01/2023;58;60;1;;
235;03/02/2023;8;59;8;466.86;3734.88
236;20/03/2023;145;60;6;640.3;3841.8
237;10/03/2023;160;44;7;523.22;3662.54
238;08/01/2023;77;72;1;448.84;448.84
239;09/05/2023;109;51;9;748.75;6738.75
240;;17;5;8;114.31;914.48
241;27/02/2023;159;100;4;740.13;2960.52
242;15/05/2023;28;51;4;776.91;3107.64
243;04/04/2023;96;8;10;107.41;1074.1
244;22/04/2023;81;95;10;30.74;307.4
245;02/06/2023;73;66;8;771.53;6172.24
246;05/02/2023;126;68;2;20.32;40.64
247;18/06/2023;122;62;9;;
248;13/06/2023;140;91;2;328.99;657.98
249;13/01/2023;181;32;8;122.82;982.56
250;;15;17;2;136.81;273.62
251;02/06/2023;59;78;8;602.55;4820.4
252;22/01/2023;158;84;10;616.81;6168.1
253;28/06/2023;174;21;5;679.22;3396.1
254;29/04/2023;39;12;3;674.74;2024.22
255;29/05/2023;141;21;9;548.58;4937.22
256;15/05/2023;151;96;8;750.71;6005.68
257;30/03/2023;22;92;6;755.66;4533.96
258;29/06/2023;27;50;2;116.86;233.72
259;13/02/2023;22;43;3;159.17;477.51
260;;189;97;5;;
261;28/04/2023;19;23;8;615.82;4926.56
262;25/01/2023;128;8;7;581.4;4069.8
263;13/03/2023;129;5;10;562.46;5624.6
264;14/04/2023;64;98;3;991.89;2975.67
265;08/05/2023;46;91;9;559.53;5035.77
266;13/01/2023;137;36;2;361.83;723.66
267;27/02/2023;54;12;6;849.57;5097.42
268;01/05/2023;162;53;1;20.92;20.92
269;24/05/2023;70;56;9;681.6;6134.4
270;;132;4;3;996.37;2989.11
271;03/06/2023;37;85;4;782.6;3130.4
272;29/05/2023;38;46;6;698.66;4191.96
273;26/02/2023;173;20;4;;
274;04/01/2023;14;3;1;592.32;592.32
275;24/02/2023;132;24;8;113.1;904.8
276;27/05/2023;159;60;2;603.38;1206.76
277;20/04/2023;150;24;3;503.27;1509.81
278;08/06/2023;100;64;10;710.6;7106.0
279;04/04/2023;183;55;3;445.8;1337.4
280;;116;92;1;97.71;97.71
281;14/02/2023;161;17;9;933.78;8404.02
282;16/02/2023;143;70;6;639.82;3838.92
283;24/05/2023;69;61;7;576.15;4033.05
284;17/04/2023;113;94;10;341.17;3411.7
285;22/03/2023;109;51;6;280.34;1682.04
286;27/05/2023;170;35;5;;
287;03/04/2023;64;37;10;874.0;8740.0
288;15/03/2023;192;5;4;804.62;3218.48
289;04/01/2023;126;39;4;142.15;568.6
290;;24;57;2;910.3;1820.6
291;23/06/2023;60;60;4;767.86;3071.44
292;01/06/2023;36;85;9;753.86;6784.74
293;07/06/2023;86;92;8;66.48;531.84
294;14/01/2023;120;10;7;254.51;1781.57
295;11/03/2023;44;73;6;434.6;2607.6
296;25/03/2023;82;57;4;43.28;173.12
297;10/06/2023;7;70;5;537.1;2685.5
298;28/05/2023;143;48;2;735.12;1470.24
299;29/05/2023;170;26;7;;
300;;57;37;8;267.56;2140.48
301;10/03/2023;131;87;10;979.76;9797.6
302;18/02/2023;147;89;10;199.28;1992.8
303;18/06/2023;161;50;5;612.44;3062.2
304;12/03/2023;86;33;5;233.06;1165.3
305;02/03/2023;98;28;1;980.71;980.71
306;16/06/2023;86;49;10;547.12;5471.2
307;08/04/2023;65;74;1;616.77;616.77
308;22/01/2023;112;57;5;149.55;747.75
309;24/05/2023;112;51;2;106.59;213.18
310;;88;40;7;549.98;3849.86
311;18/05/2023;99;64;6;808.34;4850.04
312;04/03/2023;49;64;3;;
313;03/06/2023;127;68;7;873.41;6113.87
314;30/04/2023;79;86;4;524.19;2096.76
315;04/06/2023;125;40;4;871.87;3487.48
315;04/06/2023;125;40;4;871.87;3487.48
316;23/04/2023;191;66;10;753.22;7532.2
317;11/05/2023;200;44;9;103.21;928.89
318;06/01/2023;167;52;1;396.82;396.82
319;27/06/2023;171;19;7;823.88;5767.16
320;;12;74;5;964.83;4824.15
321;10/02/2023;164;85;8;294.27;2354.16
322;16/02/2023;143;48;8;799.94;6399.52
323;01/03/2023;198;12;8;524.99;4199.92
324;11/05/2023;109;3;2;323.59;647.18
325;17/04/2023;40;33;2;;
326;08/01/2023;101;32;1;43.05;43.05
327;20/04/2023;19;32;5;445.92;2229.6
328;15/02/2023;119;16;9;805.57;7250.13
329;29/04/2023;21;30;1;423.58;423.58
330;;102;95;2;174.3;348.6
331;10/03/2023;25;3;7;138.53;969.71
332;28/05/2023;162;26;1;39.07;39.07
333;09/01/2023;116;50;5;973.72;4868.6
334;21/06/2023;121;11;6;713.14;4278.84
335;18/04/2023;131;76;2;823.42;1646.84
336;05/06/2023;190;33;10;251.9;2519.0
337;03/02/2023;41;51;5;425.92;2129.6
338;27/02/2023;75;57;2;;
339;30/05/2023;17;69;7;624.72;4373.04
339;30/05/2023;17;69;7;624.72;4373.04
340;;125;16;3;40.8;122.4
341;17/06/2023;156;47;2;331.85;663.7
342;28/05/2023;124;1;7;175.46;1228.22
343;08/05/2023;191;67;8;81.94;655.52
344;16/02/2023;38;15;4;867.72;3470.88
345;27/04/2023;181;46;5;42.86;214.3
346;25/05/2023;39;9;4;938.92;3755.68
347;25/04/2023;134;91;3;68.5;205.5
348;08/04/2023;120;46;7;177.39;1241.73
349;13/03/2023;190;35;6;234.46;1406.76
350;;78;84;3;977.03;2931.09
351;25/01/2023;168;88;1;;
352;30/05/2023;176;83;10;966.58;9665.8
353;19/01/2023;28;84;3;827.78;2483.34
354;14/03/2023;124;19;7;625.13;4375.91
355;15/06/2023;181;61;4;121.45;485.8
356;30/01/2023;9;64;4;105.57;422.28
357;30/03/2023;142;75;1;474.08;474.08
358;19/03/2023;41;68;5;304.27;1521.35
359;02/01/2023;105;86;4;878.47;3513.88
360;;183;16;9;989.14;8902.26
361;12/01/2023;35;11;1;292.44;292.44
362;29/05/2023;69;48;2;577.62;1155.24
363;21/06/2023;161;73;4;228.02;912.08
364;09/03/2023;35;81;9;;
365;06/03/2023;8;45;2;880.19;1760.38
366;17/03/2023;182;76;7;436.12;3052.84
367;21/02/2023;93;22;9;347.41;3126.69
368;07/02/2023;20;29;8;948.63;7589.04
369;02/04/2023;28;4;3;245.06;735.18
370;;67;86;6;788.88;4733.28
371;01/04/2023;183;1;2;278.85;557.7
372;06/01/2023;153;82;8;637.76;5102.08
373;06/01/2023;27;8;1;49.37;49.37
374;03/04/2023;109;99;3;284.05;852.15
374;03/04/2023;109;99;3;284.05;852.15
375;25/06/2023;84;56;8;475.05;3800.4
376;18/02/2023;46;62;1;521.41;521.41
377;12/02/2023;148;97;8;;
378;26/06/2023;192;62;10;468.22;4682.2
379;06/05/2023;9;88;10;300.55;3005.5
380;;17;88;5;291.72;1458.6
381;16/06/2023;183;41;5;351.77;1758.85
382;11/01/2023;147;11;7;498.61;3490.27
383;19/01/2023;76;72;1;395.97;395.97
384;19/04/2023;12;61;8;674.23;5393.84
385;13/04/2023;197;8;1;825.55;825.55
386;28/03/2023;158;47;9;640.04;5760.36
387;25/03/2023;82;18;7;50.15;351.05
388;10/06/2023;127;36;2;668.64;1337.28
389;05/06/2023;168;84;2;101.36;202.72
390;;76;15;1;;
391;29/01/2023;105;74;9;942.31;8480.79
392;10/01/2023;142;82;2;889.16;1778.32
393;01/05/2023;39;28;3;914.15;2742.45
394;04/06/2023;117;2;3;726.73;2180.19
395;04/04/2023;40;2;6;830.73;4984.38
396;12/01/2023;163;65;1;697.93;697.93
397;11/04/2023;62;49;7;581.43;4070.01
398;07/02/2023;28;21;9;731.88;6586.92
399;13/06/2023;99;45;6;853.32;5119.92
400;;122;30;7;547.11;3829.77
401;05/06/2023;172;79;2;390.4;780.8
402;14/04/2023;75;48;9;436.68;3930.12
403;26/02/2023;118;100;10;;
404;03/02/2023;184;28;1;530.55;530.55
405;14/06/2023;56;65;5;649.28;3246.4
406;19/01/2023;157;74;1;947.18;947.18
407;20/06/2023;126;11;2;640.53;1281.06
407;20/06/2023;126;11;2;640.53;1281.06
408;05/03/2023;69;8;1;110.25;110.25
409;06/03/2023;31;4;2;843.31;1686.62
410;;69;30;1;149.15;149.15
411;08/03/2023;75;45;8;977.68;7821.44
412;23/06/2023;107;64;4;108.31;433.24
413;06/01/2023;59;15;10;401.48;4014.8
414;02/05/2023;125;37;5;296.35;1481.75
415;04/02/2023;87;6;10;381.06;3810.6
416;18/01/2023;113;29;4;;
417;22/01/2023;68;69;4;40.63;162.52
418;21/05/2023;162;86;5;483.1;2415.5
419;28/06/2023;131;42;5;835.31;4176.55
420;;51;85;2;266.74;533.48
421;13/04/2023;68;1;5;966.75;4833.75
422;21/05/2023;111;98;8;999.72;7997.76
423;17/01/2023;99;82;4;407.76;1631.04
424;01/06/2023;19;37;8;332.56;2660.48
425;28/01/2023;5;17;7;401.19;2808.33
426;27/05/2023;64;91;5;547.59;2737.95
427;23/02/2023;173;47;5;603.13;3015.65
428;19/05/2023;5;81;6;139.35;836.1
429;20/01/2023;169;46;8;;
430;;17;19;10;944.6;9446.0
431;21/02/2023;96;70;10;981.18;9811.8
432;12/04/2023;75;33;7;381.58;2671.06
433;04/06/2023;192;81;8;446.81;3574.48
434;23/03/2023;92;51;3;895.51;2686.53
435;12/06/2023;48;73;4;808.52;3234.08
436;22/03/2023;81;97;8;855.42;6843.36
437;07/02/2023;67;59;8;71.83;574.64
438;31/01/2023;114;96;5;515.33;2576.65
439;20/06/2023;67;54;6;690.84;4145.04
440;;126;21;10;143.09;1430.9
441;04/02/2023;184;30;2;340.07;680.14
442;16/02/2023;163;19;9;;
443;23/04/2023;71;30;2;680.05;1360.1
444;05/02/2023;25;37;7;53.72;376.04
445;21/05/2023;136;5;1;78.34;78.34
446;13/06/2023;35;66;9;768.45;6916.05
447;03/02/2023;174;78;8;405.11;3240.88
448;12/04/2023;75;99;4;413.04;1652.16
449;22/06/2023;34;45;8;119.89;959.12
450;;16;66;3;527.35;1582.05
450;;16;66;3;527.35;1582.05
451;11/06/2023;124;16;8;121.8;974.4
452;13/01/2023;184;31;6;59.72;358.32
453;16/05/2023;120;55;2;288.19;576.38
454;22/02/2023;39;65;6;328.28;1969.68
455;07/06/2023;181;13;1;;
456;19/01/2023;57;25;5;222.48;1112.4
457;23/01/2023;32;62;6;195.96;1175.76
458;23/02/2023;52;20;10;590.01;5900.1
459;05/06/2023;110;53;2;249.51;499.02
460;;30;63;8;297.07;2376.56
460;;30;63;8;297.07;2376.56
461;08/01/2023;12;31;4;151.45;605.8
462;08/04/2023;127;75;2;142.49;284.98
463;20/03/2023;185;95;9;751.16;6760.44
464;03/06/2023;18;96;1;516.02;516.02
465;28/03/2023;88;50;6;709.91;4259.46
466;10/03/2023;172;64;8;13.78;110.24
467;27/05/2023;137;27;9;366.63;3299.67
468;21/06/2023;196;100;2;;
469;21/05/2023;83;49;2;892.95;1785.9
470;;179;37;6;383.54;2301.24
471;06/06/2023;161;60;1;690.15;690.15
472;18/05/2023;175;23;9;706.82;6361.38
473;13/01/2023;101;33;5;715.92;3579.6
474;17/01/2023;196;47;8;763.43;6107.44
475;21/01/2023;84;83;9;305.07;2745.63
476;11/02/2023;145;48;3;647.71;1943.13
477;10/02/2023;99;47;7;505.4;3537.8
478;15/04/2023;124;71;2;638.08;1276.16
479;21/05/2023;100;31;9;194.16;1747.44
480;;73;38;2;219.87;439.74
481;10/04/2023;109;87;6;;
482;08/01/2023;7;36;2;400.79;801.58
483;11/03/2023;172;21;2;739.73;1479.46
484;06/03/2023;100;21;8;473.47;3787.76
485;18/02/2023;118;54;3;670.2;2010.6
486;16/02/2023;53;74;10;548.37;5483.7
487;02/01/2023;81;100;5;911.96;4559.8
488;11/05/2023;111;17;10;41.11;411.1
489;29/01/2023;171;25;6;274.01;1644.06
490;;90;65;4;51.24;204.96
491;16/01/2023;175;81;4;460.37;1841.48
492;27/01/2023;181;42;8;140.2;1121.6
493;14/05/2023;135;96;9;129.01;1161.09
494;02/06/2023;33;55;5;;
495;26/02/2023;126;12;10;231.03;2310.3
496;15/05/2023;111;51;5;649.99;3249.95
497;08/01/2023;200;45;9;551.49;4963.41
498;14/04/2023;195;29;6;160.8;964.8
499;05/06/2023;79;87;9;938.0;8442.0
500;;104;9;10;586.39;5863.9
501;06/04/2023;178;75;7;787.34;5511.38
502;28/02/2023;90;71;6;372.02;2232.12
503;25/01/2023;138;45;10;897.11;8971.1
504;14/04/2023;68;95;3;155.49;466.47
505;21/02/2023;102;88;1;351.74;351.74
506;16/02/2023;159;46;6;475.29;2851.74
507;26/01/2023;114;5;2;;
508;23/02/2023;161;50;4;634.61;2538.44
509;15/01/2023;61;21;6;534.36;3206.16
510;;62;86;5;624.7;3123.5
510;;62;86;5;624.7;3123.5
511;15/02/2023;141;95;2;551.39;1102.78
511;15/02/2023;141;95;2;551.39;1102.78
512;03/04/2023;8;44;3;174.09;522.27
513;16/03/2023;77;50;1;145.63;145.63
514;09/03/2023;99;48;6;117.8;706.8
514;09/03/2023;99;48;6;117.8;706.8
515;31/03/2023;190;76;8;714.61;5716.88
516;19/01/2023;55;82;5;442.63;2213.15
517;18/04/2023;115;29;10;24.05;240.5
518;12/02/2023;80;66;2;701.33;1402.66
519;21/05/2023;106;8;2;759.74;1519.48
520;;94;65;4;;
521;25/03/2023;88;86;7;783.54;5484.78
522;14/06/2023;74;36;6;607.03;3642.18
523;05/06/2023;170;43;5;383.22;1916.1
524;14/04/2023;66;55;5;229.86;1149.3
525;22/01/2023;101;27;8;810.19;6481.52
526;18/04/2023;141;45;9;408.74;3678.66
527;04/06/2023;34;1;10;902.37;9023.7
528;08/03/2023;148;94;9;763.4;6870.6
529;13/04/2023;91;90;3;67.13;201.39
530;;116;93;1;789.67;789.67
531;23/03/2023;68;65;4;578.1;2312.4
532;03/06/2023;109;20;2;903.21;1806.42
533;28/03/2023;10;59;4;;
534;02/05/2023;193;17;9;48.54;436.86
535;18/06/2023;68;69;6;868.1;5208.6
536;09/04/2023;76;26;8;584.29;4674.32
537;16/02/2023;71;26;3;289.67;869.01
538;12/05/2023;23;84;8;406.93;3255.44
539;16/05/2023;41;19;2;212.63;425.26
540;;68;15;7;42.48;297.36
540;;68;15;7;42.48;297.36
541;21/04/2023;24;27;3;511.85;1535.55
542;13/06/2023;24;24;8;57.16;457.28
543;03/02/2023;185;49;10;826.54;8265.4
544;26/04/2023;23;69;7;54.95;384.65
545;26/02/2023;188;54;5;767.89;3839.45
546;11/04/2023;57;10;6;;
547;15/06/2023;85;61;8;233.86;1870.88
548;28/06/2023;86;47;4;238.11;952.44
549;07/02/2023;164;41;4;967.18;3868.72
550;;58;50;5;761.48;3807.4
551;04/06/2023;179;78;5;715.5;3577.5
552;03/05/2023;47;100;9;377.23;3395.07
553;22/01/2023;54;21;7;228.28;1597.96
554;28/02/2023;31;42;8;664.4;5315.2
555;11/06/2023;9;81;10;30.46;304.6
555;11/06/2023;9;81;10;30.46;304.6
556;17/01/2023;68;48;10;487.05;4870.5
556;17/01/2023;68;48;10;487.05;4870.5
557;03/05/2023;149;65;4;635.84;2543.36
558;22/03/2023;127;88;9;180.37;1623.33
559;14/04/2023;15;96;2;;
560;;1;23;7;467.1;3269.7
561;06/05/2023;57;81;10;731.69;7316.9
562;14/03/2023;141;70;2;809.0;1618.0
563;03/01/2023;81;63;6;668.49;4010.94
564;24/06/2023;109;55;1;729.79;729.79
565;15/01/2023;100;32;1;318.86;318.86
566;24/03/2023;43;35;4;390.51;1562.04
567;02/02/2023;14;34;8;799.57;6396.56
568;28/02/2023;157;83;7;242.62;1698.34
569;26/06/2023;168;83;6;550.97;3305.82
570;;27;80;5;509.75;2548.75
571;05/03/2023;190;99;6;127.31;763.86
572;21/03/2023;123;43;3;;
573;05/04/2023;196;44;10;810.7;8107.0
574;22/01/2023;115;57;7;323.38;2263.66
575;29/04/2023;195;16;5;80.18;400.9
576;13/03/2023;124;97;7;907.03;6349.21
577;22/02/2023;75;5;1;29.6;29.6
578;05/01/2023;57;28;1;935.64;935.64
579;28/02/2023;33;62;5;77.67;388.35
580;;19;86;2;438.44;876.88
581;16/02/2023;167;68;5;81.39;406.95
582;15/05/2023;79;87;1;645.32;645.32
583;23/02/2023;148;29;7;424.15;2969.05
584;15/04/2023;57;8;8;283.56;2268.48
585;03/03/2023;157;74;10;;
586;27/02/2023;69;28;1;112.09;112.09
587;18/06/2023;177;91;9;740.51;6664.59
588;11/05/2023;10;98;1;403.64;403.64
589;02/01/2023;124;24;9;742.76;6684.84
590;;154;43;10;692.88;6928.8
591;06/06/2023;20;91;7;86.21;603.47
592;18/04/2023;147;84;9;101.15;910.35
593;07/06/2023;53;34;3;652.02;1956.06
594;27/01/2023;10;73;6;965.37;5792.22
595;11/03/2023;187;100;1;675.34;675.34
596;06/03/2023;83;26;2;867.43;1734.86
597;20/03/2023;59;22;9;163.28;1469.52
598;17/02/2023;149;22;3;;
599;25/01/2023;28;65;4;704.13;2816.52
600;;7;49;1;391.76;391.76
601;09/05/2023;138;36;9;455.75;4101.75
602;16/04/2023;160;32;9;841.4;7572.6
603;25/05/2023;74;27;6;977.24;5863.44
604;26/03/2023;127;25;6;333.77;2002.62
605;14/03/2023;155;26;4;440.06;1760.24
606;17/01/2023;43;41;3;593.56;1780.68
607;17/06/2023;39;23;10;703.86;7038.6
608;04/03/2023;110;69;4;23.61;94.44
609;02/03/2023;178;67;2;71.9;143.8
610;;16;82;10;601.12;6011.2
611;18/05/2023;82;38;7;;
612;04/03/2023;77;46;3;498.57;1495.71
613;06/03/2023;120;91;3;620.62;1861.86
614;14/03/2023;134;89;8;77.77;622.16
615;28/01/2023;97;54;7;276.16;1933.12
616;25/02/2023;187;85;5;669.8;3349.0
617;17/04/2023;123;60;2;633.94;1267.88
618;13/06/2023;114;37;6;433.33;2599.98
619;30/05/2023;139;58;2;826.5;1653.0
620;;135;61;9;209.09;1881.81
621;09/05/2023;55;3;6;38.03;228.18
622;09/05/2023;102;38;6;658.62;3951.72
623;13/05/2023;92;21;5;168.86;844.3
624;19/04/2023;47;84;2;;
625;10/03/2023;129;68;3;119.33;357.99
626;02/06/2023;21;61;8;557.85;4462.8
627;02/06/2023;55;46;10;830.27;8302.7
628;05/02/2023;110;49;7;953.29;6673.03
629;21/03/2023;97;85;10;278.78;2787.8
630;;109;35;9;86.86;781.74
631;28/04/2023;5;42;7;201.92;1413.44
632;07/06/2023;57;86;7;839.53;5876.71
633;14/06/2023;87;13;9;168.76;1518.84
634;31/05/2023;45;17;4;237.3;949.2
635;14/05/2023;108;18;7;11.97;83.79
636;07/06/2023;126;32;6;545.96;3275.76
637;02/05/2023;138;36;10;;
638;28/01/2023;11;78;2;524.03;1048.06
638;28/01/2023;11;78;2;524.03;1048.06
639;07/05/2023;147;15;7;67.15;470.05
640;;137;47;8;620.14;4961.12
641;19/01/2023;195;74;1;434.65;434.65
642;06/06/2023;178;98;8;705.12;5640.96
643;09/05/2023;162;93;3;551.22;1653.66
644;02/03/2023;157;39;1;500.75;500.75
645;12/03/2023;13;69;8;695.15;5561.2
646;07/01/2023;58;49;10;896.72;8967.2
647;03/03/2023;17;43;7;425.08;2975.56
648;11/05/2023;29;32;9;676.51;6088.59
649;25/01/2023;54;28;10;260.74;2607.4
650;;120;56;9;;
651;27/03/2023;80;41;1;470.4;470.4
652;28/04/2023;199;78;3;136.11;408.33
653;18/06/2023;173;15;3;822.39;2467.17
654;23/06/2023;30;57;3;23.23;69.69
655;08/05/2023;48;66;8;25.35;202.8
656;14/04/2023;36;79;8;878.58;7028.64
657;22/06/2023;82;66;4;651.83;2607.32
658;03/05/2023;67;83;6;439.14;2634.84
659;05/03/2023;40;59;3;357.02;1071.06
660;;60;75;7;375.88;2631.16
661;06/04/2023;91;30;10;356.45;3564.5
662;18/02/2023;137;92;2;665.07;1330.14
663;02/03/2023;48;25;2;;
664;27/02/2023;101;45;4;768.85;3075.4
665;09/04/2023;192;44;7;680.7;4764.9
666;07/05/2023;134;29;7;665.86;4661.02
667;11/05/2023;21;64;10;909.15;9091.5
668;03/03/2023;170;76;10;890.24;8902.4
669;11/01/2023;54;16;10;420.82;4208.2
670;;57;40;8;592.62;4740.96
671;18/05/2023;44;11;2;430.6;861.2
672;27/06/2023;140;90;1;588.82;588.82
673;23/04/2023;128;62;7;662.92;4640.44
674;15/06/2023;195;94;6;537.92;3227.52
675;05/06/2023;149;13;1;533.44;533.44
676;15/05/2023;22;74;4;;
677;12/05/2023;23;70;7;779.02;5453.14
678;11/04/2023;84;76;8;97.5;780.0
679;01/01/2023;165;63;1;438.02;438.02
680;;149;96;6;43.34;260.04
681;01/03/2023;120;46;3;826.08;2478.24
682;25/02/2023;110;59;2;785.93;1571.86
683;06/06/2023;199;77;8;332.04;2656.32
684;08/01/2023;75;97;6;103.38;620.28
685;07/02/2023;176;27;6;709.77;4258.62
686;31/01/2023;91;96;4;904.06;3616.24
687;01/04/2023;163;95;10;15.66;156.6
688;29/05/2023;182;75;1;961.55;961.55
689;04/02/2023;86;38;5;;
690;;100;32;8;627.51;5020.08
691;09/04/2023;3;80;7;838.75;5871.25
692;18/05/2023;83;25;5;865.79;4328.95
693;07/05/2023;19;43;4;990.77;3963.08
694;20/06/2023;153;20;2;710.32;1420.64
695;19/05/2023;110;98;3;869.73;2609.19
696;28/02/2023;133;51;7;622.34;4356.38
697;12/05/2023;113;42;5;981.31;4906.55
698;14/01/2023;32;11;4;940.53;3762.12
699;30/04/2023;75;21;2;368.81;737.62
700;;59;89;5;63.85;319.25
701;30/05/2023;83;65;9;79.1;711.9
702;04/01/2023;193;15;7;;
703;24/06/2023;93;46;8;708.09;5664.72
704;22/04/2023;161;59;2;28.95;57.9
705;15/06/2023;131;28;8;804.78;6438.24
706;13/01/2023;66;37;8;954.0;7632.0
707;05/02/2023;182;26;1;284.24;284.24
708;12/02/2023;150;20;8;103.96;831.68
709;07/06/2023;128;84;8;75.86;606.88
710;;174;62;4;253.82;1015.28
711;25/06/2023;155;53;7;506.56;3545.92
712;14/03/2023;163;51;7;293.65;2055.55
713;29/04/2023;57;8;4;224.06;896.24
714;20/01/2023;124;53;5;71.77;358.85
715;12/01/2023;177;17;7;;
716;27/05/2023;11;98;10;938.59;9385.9
717;27/02/2023;34;20;2;422.06;844.12
718;18/05/2023;160;52;2;275.88;551.76
719;06/02/2023;126;40;5;534.58;2672.9
719;06/02/2023;126;40;5;534.58;2672.9
720;;56;23;8;445.34;3562.72
721;16/05/2023;93;94;8;215.2;1721.6
722;08/02/2023;28;49;8;138.38;1107.04
723;05/02/2023;101;26;4;677.25;2709.0
724;23/03/2023;192;38;6;899.26;5395.56
725;22/01/2023;130;31;8;163.38;1307.04
726;15/02/2023;96;62;7;709.61;4967.27
727;10/01/2023;168;24;5;483.71;2418.55
728;21/06/2023;112;60;3;;
729;26/02/2023;183;53;7;91.45;640.15
730;;22;13;8;370.17;2961.36
731;25/04/2023;168;17;9;578.54;5206.86
732;04/03/2023;167;13;10;320.74;3207.4
733;09/02/2023;148;90;1;767.51;767.51
734;17/03/2023;172;38;5;494.5;2472.5
735;17/02/2023;18;16;3;661.5;1984.5
736;30/03/2023;62;13;7;701.55;4910.85
737;14/05/2023;77;60;1;819.68;819.68
738;23/02/2023;132;39;10;870.91;8709.1
738;23/02/2023;132;39;10;870.91;8709.1
739;09/06/2023;187;63;8;378.45;3027.6
740;;53;94;6;856.16;5136.96
741;05/06/2023;131;98;3;;
742;15/06/2023;200;72;6;607.81;3646.86
743;01/02/2023;99;10;9;787.79;7090.11
744;17/03/2023;177;59;3;895.05;2685.15
745;30/03/2023;127;41;5;183.37;916.85
745;30/03/2023;127;41;5;183.37;916.85
746;07/05/2023;150;4;5;875.33;4376.65
747;20/01/2023;81;54;10;794.67;7946.7
748;23/05/2023;17;24;4;463.74;1854.96
749;19/04/2023;23;46;10;244.71;2447.1
750;;111;59;8;215.47;1723.76
751;05/06/2023;189;16;7;16.37;114.59
752;25/05/2023;30;13;7;492.39;3446.73
753;04/04/2023;82;13;2;403.89;807.78
754;04/04/2023;149;55;5;;
755;26/04/2023;143;73;1;515.47;515.47
756;22/02/2023;128;52;4;514.76;2059.04
757;17/05/2023;182;1;1;854.45;854.45
758;09/01/2023;32;15;3;756.2;2268.6
759;16/05/2023;72;27;1;775.65;775.65
760;;42;62;1;614.66;614.66
761;20/06/2023;95;17;3;753.26;2259.78
762;26/03/2023;168;23;1;244.56;244.56
763;27/06/2023;102;37;8;393.45;3147.6
764;26/06/2023;115;11;3;529.49;1588.47
765;25/04/2023;194;63;8;39.8;318.4
766;05/06/2023;17;6;8;933.87;7470.96
767;28/01/2023;194;38;3;;
768;09/03/2023;177;43;7;603.63;4225.41
769;21/02/2023;58;32;4;963.73;3854.92
770;;188;83;1;709.18;709.18
771;14/04/2023;184;28;10;285.35;2853.5
772;17/02/2023;40;97;1;98.1;98.1
773;24/04/2023;132;38;8;939.61;7516.88
774;17/03/2023;31;88;9;247.59;2228.31
775;25/01/2023;34;67;7;968.4;6778.8
776;28/04/2023;73;26;10;14.98;149.8
777;10/01/2023;67;24;4;756.33;3025.32
778;27/01/2023;113;15;5;123.65;618.25
779;13/02/2023;26;47;3;220.32;660.96
780;;95;50;2;;
781;12/05/2023;87;48;4;759.89;3039.56
782;30/03/2023;66;30;7;115.99;811.93
783;25/03/2023;177;86;3;348.69;1046.07
784;26/04/2023;38;15;5;737.58;3687.9
785;29/06/2023;46;25;10;306.94;3069.4
786;02/05/2023;133;70;5;587.77;2938.85
787;18/04/2023;47;87;1;54.8;54.8
788;29/05/2023;104;23;4;585.6;2342.4
789;18/05/2023;89;52;3;416.75;1250.25
790;;61;64;1;91.91;91.91
791;24/02/2023;37;56;5;107.75;538.75
792;14/03/2023;59;2;6;222.55;1335.3
793;14/04/2023;188;51;1;;
793;14/04/2023;188;51;1;;
794;03/05/2023;200;63;7;180.8;1265.6
795;04/04/2023;103;95;6;429.31;2575.86
796;11/06/2023;31;52;10;436.92;4369.2
797;22/01/2023;40;1;9;695.09;6255.81
798;19/06/2023;149;79;1;146.51;146.51
799;09/04/2023;8;62;1;85.68;85.68
800;;90;13;1;334.9;334.9
800;;90;13;1;334.9;334.9
801;19/03/2023;173;6;1;836.25;836.25
802;13/03/2023;189;15;3;229.03;687.09
803;13/01/2023;159;35;6;764.26;4585.56
804;27/02/2023;49;23;6;682.41;4094.46
805;16/02/2023;5;90;9;605.67;5451.03
806;14/05/2023;198;59;4;;
807;17/01/2023;14;78;2;971.44;1942.88
808;29/04/2023;143;19;7;423.49;2964.43
809;27/05/2023;148;100;3;86.04;258.12
810;;176;44;3;409.18;1227.54
811;05/05/2023;145;71;8;326.46;2611.68
812;01/02/2023;164;13;2;114.82;229.64
813;22/05/2023;165;79;6;679.06;4074.36
814;24/05/2023;190;4;4;560.76;2243.04
815;31/01/2023;3;8;10;176.52;1765.2
816;08/06/2023;45;66;8;968.99;7751.92
817;18/04/2023;115;57;8;59.71;477.68
818;26/05/2023;114;69;3;100.46;301.38
819;16/06/2023;60;98;5;;
820;;134;56;7;834.6;5842.2
821;18/04/2023;4;93;10;244.77;2447.7
822;16/04/2023;146;15;7;505.47;3538.29
823;06/01/2023;112;63;8;552.0;4416.0
824;12/02/2023;145;96;3;830.2;2490.6
825;22/03/2023;41;83;4;331.1;1324.4
826;04/02/2023;22;65;5;858.62;4293.1
827;11/01/2023;3;9;4;388.43;1553.72
828;18/01/2023;113;73;7;465.05;3255.35
829;05/05/2023;175;69;7;75.04;525.28
830;;30;25;4;550.99;2203.96
831;22/04/2023;25;74;2;179.23;358.46
832;27/02/2023;94;41;10;;
833;26/04/2023;48;98;9;665.1;5985.9
834;11/01/2023;85;21;10;241.47;2414.7
835;06/05/2023;64;2;6;974.94;5849.64
836;23/02/2023;75;16;9;425.43;3828.87
837;31/03/2023;144;6;1;19.59;19.59
838;24/06/2023;48;42;9;789.5;7105.5
839;10/05/2023;59;27;4;974.06;3896.24
840;;111;46;8;905.2;7241.6
841;21/05/2023;43;17;8;102.26;818.08
842;08/01/2023;69;90;1;233.82;233.82
843;03/04/2023;175;76;4;455.56;1822.24
844;24/05/2023;14;74;5;92.69;463.45
845;29/06/2023;124;37;7;;
846;24/06/2023;174;52;3;489.55;1468.65
847;21/01/2023;64;37;3;224.09;672.27
848;28/05/2023;25;70;7;162.36;1136.52
849;16/01/2023;146;69;4;413.64;1654.56
850;;45;19;6;44.33;265.98
851;20/06/2023;62;93;7;804.82;5633.74
852;29/06/2023;111;36;4;887.23;3548.92
853;27/05/2023;38;70;9;237.69;2139.21
854;28/05/2023;9;32;4;675.66;2702.64
855;05/01/2023;148;87;4;114.54;458.16
856;09/03/2023;44;34;5;91.2;456.0
857;05/04/2023;135;68;10;450.08;4500.8
858;08/06/2023;128;35;3;;
859;08/06/2023;83;95;9;512.01;4608.09
860;;187;10;5;770.33;3851.65
861;17/01/2023;96;16;2;622.58;1245.16
862;17/04/2023;88;1;7;935.09;6545.63
862;17/04/2023;88;1;7;935.09;6545.63
863;12/03/2023;154;50;7;108.55;759.85
864;02/04/2023;65;47;1;891.01;891.01
865;10/05/2023;106;24;5;767.71;3838.55
866;03/06/2023;40;50;4;111.81;447.24
867;27/01/2023;113;54;3;331.09;993.27
868;10/05/2023;60;54;2;768.17;1536.34
869;25/01/2023;96;10;4;283.16;1132.64
870;;77;42;10;241.0;2410.0
871;22/01/2023;185;84;5;;
872;10/02/2023;80;34;2;54.55;109.1
873;12/01/2023;168;73;10;598.2;5982.0
874;06/04/2023;176;20;10;23.55;235.5
875;06/03/2023;179;36;7;635.06;4445.42
876;10/05/2023;159;57;8;497.67;3981.36
877;12/01/2023;101;28;2;59.91;119.82
878;24/01/2023;149;10;4;568.28;2273.12
879;22/05/2023;162;58;5;604.9;3024.5
880;;36;45;6;151.85;911.1
881;07/05/2023;80;61;4;729.57;2918.28
882;06/04/2023;161;45;4;609.43;2437.72
883;07/02/2023;195;23;4;618.34;2473.36
884;29/05/2023;104;78;5;;
885;20/05/2023;144;81;7;26.08;182.56
886;15/02/2023;32;15;7;561.01;3927.07
887;13/02/2023;98;5;1;833.2;833.2
888;03/05/2023;79;43;4;648.45;2593.8
889;09/04/2023;17;92;1;23.5;23.5
890;;190;87;3;156.74;470.22
891;04/02/2023;133;73;8;895.46;7163.68
892;05/04/2023;22;66;6;814.14;4884.84
893;30/03/2023;72;1;5;394.84;1974.2
894;06/04/2023;75;39;4;146.64;586.56
895;06/06/2023;54;90;6;449.66;2697.96
896;07/05/2023;58;53;3;892.41;2677.23
896;07/05/2023;58;53;3;892.41;2677.23
897;22/03/2023;194;29;1;;
898;29/01/2023;112;51;4;685.37;2741.48
899;12/06/2023;197;91;1;636.07;636.07
900;;73;39;4;703.61;2814.44
901;19/01/2023;102;91;4;431.68;1726.72
902;21/02/2023;111;53;9;291.7;2625.3
903;11/02/2023;90;26;6;240.22;1441.32
904;05/06/2023;137;20;7;589.71;4127.97
905;08/02/2023;179;12;8;66.46;531.68
906;03/06/2023;42;27;7;241.4;1689.8
907;19/01/2023;192;6;6;527.98;3167.88
908;19/06/2023;65;99;4;314.69;1258.76
909;21/02/2023;118;47;8;549.32;4394.56
910;;7;11;8;;
911;02/06/2023;140;26;7;471.52;3300.64
912;20/06/2023;51;37;6;560.9;3365.4
913;01/05/2023;13;89;5;322.62;1613.1
914;26/04/2023;118;4;6;309.99;1859.94
915;02/05/2023;11;92;1;679.34;679.34
916;22/06/2023;23;28;6;554.97;3329.82
917;23/02/2023;29;83;9;384.06;3456.54
918;19/03/2023;35;30;1;510.87;510.87
919;07/06/2023;93;45;1;115.27;115.27
920;;102;47;8;985.95;7887.6
921;15/06/2023;64;87;5;447.61;2238.05
921;15/06/2023;64;87;5;447.61;2238.05
922;22/01/2023;81;82;9;941.1;8469.9
923;18/06/2023;74;10;1;;
924;05/05/2023;50;91;9;605.79;5452.11
925;11/06/2023;4;17;4;304.39;1217.56
926;04/01/2023;1;71;4;216.74;866.96
927;04/02/2023;8;24;2;873.19;1746.38
928;03/05/2023;43;27;3;302.51;907.53
929;06/06/2023;16;99;9;402.35;3621.15
930;;39;48;4;618.26;2473.04
931;12/05/2023;30;30;10;475.22;4752.2
932;18/04/2023;12;94;6;482.07;2892.42
933;01/01/2023;127;58;4;785.63;3142.52
934;14/05/2023;70;44;10;971.23;9712.3
935;19/01/2023;101;18;8;803.67;6429.36
936;30/01/2023;170;33;5;;
937;28/04/2023;94;27;10;811.58;8115.8
938;29/05/2023;76;29;7;982.7;6878.9
939;27/04/2023;15;2;1;571.22;571.22
940;;172;54;4;33.87;135.48
941;20/06/2023;166;37;2;603.47;1206.94
942;05/04/2023;122;11;10;448.15;4481.5
943;23/04/2023;98;93;4;207.42;829.68
944;21/06/2023;127;6;8;559.14;4473.12
945;26/03/2023;55;16;10;786.56;7865.6
946;28/06/2023;119;49;7;609.04;4263.28
947;30/05/2023;160;69;9;30.81;277.29
948;22/02/2023;187;74;7;789.86;5529.02
949;02/05/2023;15;71;7;;
950;;92;29;3;192.61;577.83
950;;92;29;3;192.61;577.83
951;21/04/2023;38;77;3;60.64;181.92
952;08/01/2023;122;84;3;884.73;2654.19
953;14/02/2023;136;87;4;17.26;69.04
954;01/03/2023;78;77;3;879.25;2637.75
955;15/01/2023;71;98;5;58.21;291.05
956;23/04/2023;172;1;9;903.74;8133.66
957;20/04/2023;200;56;10;946.51;9465.1
958;12/01/2023;89;81;1;86.42;86.42
959;19/03/2023;169;36;10;759.19;7591.9
960;;134;69;9;68.51;616.59
961;21/05/2023;43;78;9;151.13;1360.17
962;28/02/2023;188;63;2;;
963;25/02/2023;155;32;9;64.86;583.74
964;09/03/2023;46;98;9;421.29;3791.61
965;06/01/2023;24;48;3;968.12;2904.36
966;13/01/2023;197;25;7;399.22;2794.54
967;21/04/2023;82;66;4;187.24;748.96
968;24/04/2023;175;63;10;551.46;5514.6
969;27/05/2023;35;53;2;631.47;1262.94
970;;118;45;10;875.56;8755.6
971;20/02/2023;171;86;8;405.34;3242.72
972;19/01/2023;82;76;7;26.51;185.57
973;02/02/2023;147;28;7;279.92;1959.44
974;26/06/2023;37;26;4;867.76;3471.04
975;08/04/2023;127;99;3;;
976;18/03/2023;126;87;8;553.1;4424.8
977;28/01/2023;163;60;6;68.59;411.54
978;26/03/2023;26;85;8;167.15;1337.2
979;14/05/2023;151;64;9;414.99;3734.91
980;;151;96;7;488.96;3422.72
981;29/05/2023;57;23;2;579.84;1159.68
982;16/02/2023;168;51;2;78.46;156.92
983;25/06/2023;84;91;10;478.3;4783.0
984;19/04/2023;57;31;6;337.26;2023.56
985;22/04/2023;45;77;5;737.67;3688.35
986;11/04/2023;117;92;1;141.85;141.85
987;25/01/2023;58;41;1;697.08;697.08
988;16/03/2023;38;6;6;;
989;27/04/2023;99;97;2;942.06;1884.12
990;;192;88;8;40.62;324.96
990;;192;88;8;40.62;324.96
991;02/06/2023;173;49;3;897.61;2692.83
992;27/05/2023;151;83;2;891.75;1783.5
993;14/03/2023;129;42;9;752.36;6771.24
994;21/03/2023;104;55;3;172.97;518.91
994;21/03/2023;104;55;3;172.97;518.91
995;05/05/2023;45;6;2;313.35;626.7
996;06/04/2023;105;48;5;432.23;2161.15
997;10/01/2023;30;18;7;725.84;5080.88
998;14/03/2023;15;4;8;406.31;3250.48
999;17/05/2023;154;4;8;672.19;5377.52
1000;;99;52;1;29.94;29.94
